{"cameraMode":{"drawMode":0,"name":"Shaded","section":"Shading Mode"},"sceneLighting":true,"audioPlay":false,"sceneViewState":{"showFog":true,"showMaterialUpdate":false,"showSkybox":true,"showFlares":true,"showImageEffects":true,"showParticleSystems":true},"in2DMode":false,"pivot":{"x":411.8858337402344,"y":182.31195068359376,"z":-7.166839599609375},"rotation":{"x":-0.10806462168693543,"y":-0.024754391983151437,"z":0.0026917103677988054,"w":-0.9938320517539978},"size":496.8910217285156,"orthographic":false}