{"cameraMode":{"drawMode":0,"name":"Shaded","section":"Shading Mode"},"sceneLighting":false,"audioPlay":false,"sceneViewState":{"showFog":true,"showMaterialUpdate":false,"showSkybox":true,"showFlares":true,"showImageEffects":true,"showParticleSystems":true},"in2DMode":false,"pivot":{"x":-8.675328254699707,"y":1.9144535064697266,"z":1.3363776206970215},"rotation":{"x":-0.09123758971691132,"y":-0.09782899171113968,"z":0.009007244370877743,"w":-0.9909713268280029},"size":4.020299911499023,"orthographic":false}