{"cameraMode":{"drawMode":0,"name":"Shaded","section":"Shading Mode"},"sceneLighting":false,"audioPlay":false,"sceneViewState":{"showFog":true,"showMaterialUpdate":false,"showSkybox":true,"showFlares":true,"showImageEffects":true,"showParticleSystems":true},"in2DMode":false,"pivot":{"x":-1.612596035003662,"y":-0.1768958568572998,"z":-0.41081172227859499},"rotation":{"x":-0.0758841410279274,"y":-0.8678934574127197,"z":0.47054511308670046,"w":-0.1399642378091812},"size":2.6819984912872316,"orthographic":false}